<?xml version="1.0" encoding="UTF-8" standalone="yes"?>
<addon id="plugin.video.Mebo" name="Mebo" version="1.0.0" provider-name="Mebo">
  <requires>
    <import addon="xbmc.python" version="2.1.0"/>
  </requires>
  <extension point="xbmc.python.pluginsource" library="default.py">
        <provides>video executable</provides>
  </extension>
  <extension point="xbmc.addon.metadata">
    <summary lang="en">Mebo</summary>
    <description lang="en">Mebo</description>
	<website>http://www.mebo.tv</website>
    <platform>all</platform>
  </extension>
</addon>
